{
  "gamma": 2.2,
  "eps": 0.001,
  "a_m": [
    0.054055106712732795,
    0.11788885675967363,
    0.1691635240660206
  ],
  "a_h": [
    0.03752330380387227,
    0.21946179813284325,
    0.11390661176461965
  ],
  "m_scale": 16.146690851981607,
  "h_scale": 23.825181987167017,
  "zero": 128,
  "width": 256,
  "height": 256,
  "files": {
    "substrate": "substrate.png",
    "melanin": "melanin.png",
    "hemoglobin": "hemoglobin.png"
  }
}