{
  "gamma": 2.2,
  "eps": 0.001,
  "a_m": [
    0.07763973191277661,
    0.14862461976787097,
    0.24508552434293554
  ],
  "a_h": [
    0.03168560573017023,
    0.19928871506645407,
    0.0979605351590108
  ],
  "m_scale": 12.168926488122363,
  "h_scale": 23.079068798308285,
  "zero": 128,
  "width": 256,
  "height": 256,
  "files": {
    "substrate": "substrate.png",
    "melanin": "melanin.png",
    "hemoglobin": "hemoglobin.png"
  }
}