{
  "gamma": 2.2,
  "eps": 0.001,
  "a_m": [
    0.09260329887280225,
    0.1093450570658754,
    0.2925055056687979
  ],
  "a_h": [
    0.08087653376560848,
    0.32402911504933757,
    0.25055480127085494
  ],
  "m_scale": 17.189845565584143,
  "h_scale": 24.640415412115225,
  "zero": 128,
  "width": 256,
  "height": 256,
  "files": {
    "substrate": "substrate.png",
    "melanin": "melanin.png",
    "hemoglobin": "hemoglobin.png"
  }
}