{
  "gamma": 2.2,
  "eps": 0.001,
  "a_m": [
    0.052218984353293134,
    0.08990875867548906,
    0.16434452646469125
  ],
  "a_h": [
    0.06516953892003152,
    0.36210924508505005,
    0.19934554115029457
  ],
  "m_scale": 17.445059069916123,
  "h_scale": 30.597800608338627,
  "zero": 128,
  "width": 256,
  "height": 256,
  "files": {
    "substrate": "substrate.png",
    "melanin": "melanin.png",
    "hemoglobin": "hemoglobin.png"
  }
}