{
  "gamma": 2.2,
  "eps": 0.001,
  "a_m": [
    0.09457137100197045,
    0.18680157264856337,
    0.2976812621196007
  ],
  "a_h": [
    0.032121128557724025,
    0.17673466008298377,
    0.09932166371922523
  ],
  "m_scale": 14.73665150020362,
  "h_scale": 18.870676607317332,
  "zero": 128,
  "width": 256,
  "height": 256,
  "files": {
    "substrate": "substrate.png",
    "melanin": "melanin.png",
    "hemoglobin": "hemoglobin.png"
  }
}